id,name,phone,role,location,salary,manager_id
1,Janine Marchese,943-991-1693,Sales Associate,Boston,31000,
2,Barbara Whitehead,314-116-4565,Data Scientist,Remote,47000,1
3,David Gilbert,649-663-2533,Data Scientist,Remote,135000,1
4,Erma Domingue,724-771-6336,Data Scientist,New York,55000,1
5,Phillip Corpus,864-672-3571,Software Engineer,Hartford,93000,1
6,Marlys Stemmer,658-720-6349,Data Scientist,Boston,108000,1
7,Roberta Creech,264-459-8903,Data Engineer,Boston,119000,1
8,Christopher Bolton,510-803-3956,Product Manager,New York,50000,1
9,Kristina Allen,598-726-1063,Scrum Master,Remote,95000,1
10,Timothy Huynh,290-234-9689,Sales Associate,St Paul,85000,1
11,John Goebel,310-906-7923,Data Engineer,Hartford,52000,8
12,David Taylor,567-755-7017,Software Engineer,Hartford,129000,11
13,Matthew Godine,178-685-5722,Scrum Master,St Paul,129000,8
14,Henry Mcginnes,849-871-2656,Finance Liason,Boston,45000,6
15,Tonia Sake,920-353-5777,Data Scientist,St Paul,101000,11
16,Mai Thompson,459-323-4187,Software Engineer,Hartford,134000,7
17,Cheryl Bush,567-871-9272,Human Resources,New York,117000,7
18,Sophie Medina,746-304-4242,Software Engineer,Boston,113000,2
19,Carl Jervey,637-932-5382,Human Resources,Hartford,46000,8
20,Helen Jodha,629-154-2977,Product Manager,Remote,110000,6
21,James Miller,532-824-3195,Data Scientist,Hartford,135000,5
22,Mark Ingram,162-247-2825,Human Resources,Remote,89000,7
23,Joshua Mcdermott,204-247-9717,Finance Liason,Hartford,38000,11
24,Ashlee Francis,117-785-4225,Scrum Master,Remote,93000,10
25,Malcolm Smith,810-586-7442,Data Scientist,Boston,97000,5
26,Brian Adams,594-841-9262,Data Engineer,Remote,58000,11
27,Jessica Lowe,966-983-9455,Human Resources,Hartford,80000,7
28,Maurice Maynard,212-735-9749,Finance Liason,Remote,55000,3
29,Margaret Wagner,226-866-9451,Data Engineer,New York,32000,2
30,Henry Coughlin,324-820-5900,Sales Associate,Hartford,125000,10
31,Derrick Clark,220-759-5429,Product Manager,Boston,148000,5
32,Melinda Chambers,304-210-6347,Software Engineer,Remote,111000,7
33,Florence Corbin,439-468-6746,Software Engineer,New York,99000,8
34,Glen Benigni,536-143-6554,Finance Liason,New York,120000,9
35,Amanda Rodriquez,711-351-3251,Sales Associate,Hartford,77000,9
36,Carol Wheeler,252-309-1459,Human Resources,Remote,48000,7
37,Joshua Reimers,238-936-6161,Scrum Master,St Paul,44000,11
38,Helen Barnett,520-890-6058,Data Scientist,Remote,40000,6
39,Antonio Bane,971-451-4604,Human Resources,Boston,109000,8
40,Joshua Coston,805-812-8761,Data Engineer,New York,129000,6
41,Joseph Hedgepeth,741-181-4927,Product Manager,Boston,134000,4
42,Erin Lombardi,644-256-5206,Sales Associate,Boston,132000,6
43,Jacquelin Resendez,547-500-1127,Scrum Master,New York,133000,9
44,Barbara Vernon,139-749-4374,Human Resources,St Paul,32000,9
45,James Owens,697-717-4086,Data Scientist,Remote,142000,2
46,James Gagnon,346-331-1110,Product Manager,St Paul,65000,4
47,Debbie Spencer,434-477-7622,Human Resources,St Paul,94000,7
48,Patricia Hofheimer,989-272-6375,Human Resources,Remote,117000,4
49,Shawn Holmes,286-832-8221,Product Manager,St Paul,99000,4
50,Tina Kulig,309-311-5906,Finance Liason,St Paul,104000,8
51,Justin Stegmann,312-325-2722,Finance Liason,St Paul,60000,8
52,Kevin Johnson,122-153-6240,Software Engineer,New York,50000,10
53,Milton Hollon,964-985-5530,Software Engineer,St Paul,76000,2
54,Charlotte Gonzalez,773-292-4667,Data Scientist,New York,116000,7
55,Johnny Durazo,515-665-9684,Human Resources,New York,93000,2
56,Eugene Rautio,804-745-2122,Human Resources,New York,37000,5
57,Ron Seales,591-220-2703,Sales Associate,St Paul,124000,2
58,Mark Richards,582-930-3395,Data Engineer,New York,131000,2
59,Douglas Mcfadden,713-526-3842,Product Manager,Boston,62000,9
60,Thomas Tripp,997-571-3834,Software Engineer,New York,87000,3
61,Dana Ross,661-552-6895,Finance Liason,New York,79000,3
62,David Wright,347-892-5993,Data Scientist,New York,137000,10
63,William Wilson,838-366-6278,Data Scientist,St Paul,77000,7
64,Arthur Franklin,536-503-3407,Product Manager,Remote,144000,3
65,Kristy Williams,963-365-7673,Data Scientist,New York,51000,9
66,George Crews,871-543-3502,Sales Associate,Boston,124000,9
67,Scott Decourcey,109-212-1175,Software Engineer,Remote,108000,9
68,Cecelia Miller,378-382-7882,Data Scientist,Boston,141000,6
69,Sherry Burgos,778-302-4304,Data Engineer,New York,131000,4
70,Pamela Menchaca,967-869-1603,Product Manager,St Paul,148000,3
71,Frieda Miller,814-409-7389,Data Engineer,New York,102000,5
72,Elaine Price,103-248-3816,Finance Liason,Hartford,143000,4
73,Estella Joseph,382-433-3552,Finance Liason,Hartford,52000,3
74,Selma Brown,444-355-2559,Finance Liason,Boston,116000,6
75,Sara Enriquez,499-773-8416,Finance Liason,New York,100000,2
76,Barry Jackson,884-284-5625,Human Resources,Hartford,42000,9
77,Donald Moses,668-618-3322,Data Scientist,Remote,34000,11
78,John Lemus,333-671-5269,Human Resources,New York,69000,10
79,Rodney Breeding,291-756-1583,Human Resources,Remote,137000,2
80,Ralph Stenberg,316-972-3676,Finance Liason,Remote,141000,8
81,Carl Bussey,346-597-4322,Sales Associate,Remote,126000,4
82,Laura Knight,468-532-2270,Scrum Master,Hartford,140000,11
83,Ernest Ceruantes,777-928-4360,Finance Liason,Remote,83000,2
84,Sonya Capehart,135-791-7899,Product Manager,Hartford,85000,9
85,Doris Phifer,157-391-5094,Software Engineer,Boston,133000,4
86,Jacqueline Jones,114-971-4670,Data Engineer,Hartford,126000,2
87,Steven Carnes,768-939-8240,Finance Liason,Remote,127000,10
88,Brenda Mobley,114-598-8997,Software Engineer,New York,132000,10
89,Michael Uren,277-161-3238,Finance Liason,New York,132000,10
90,Arthur Tanaka,566-401-1641,Data Scientist,Hartford,110000,3
91,Gayle Melson,174-136-1048,Finance Liason,New York,66000,9
92,Marissa Kozyra,608-860-7273,Data Scientist,New York,82000,7
93,Renee Putnam,972-600-1908,Data Scientist,St Paul,68000,8
94,Michele Jackson,539-380-1906,Finance Liason,Remote,146000,6
95,Marion Darlington,612-566-5047,Product Manager,Remote,145000,7
96,Shawn Snider,459-644-3926,Sales Associate,Boston,103000,11
97,Anne Mooney,975-514-8171,Sales Associate,New York,84000,8
98,John Swisher,326-492-1509,Scrum Master,New York,45000,4
99,Laura Forrest,654-671-1713,Data Engineer,Hartford,134000,7
100,Christine Mclean,488-766-9846,Human Resources,Hartford,69000,11
101,Jean Baxter,913-433-3480,Product Manager,Remote,129000,11
102,Robin Howell,282-633-3805,Scrum Master,Hartford,62000,10
103,Nancy Choe,731-621-4438,Scrum Master,Hartford,84000,4
104,Earl Cox,551-987-5904,Scrum Master,New York,100000,3
105,Karen Baumgardner,768-828-2923,Product Manager,Hartford,52000,9
106,Bess Varney,840-754-7612,Scrum Master,New York,64000,10
107,Denise Green,687-101-4131,Software Engineer,Hartford,138000,8
108,Brian Eberheart,803-669-2088,Software Engineer,New York,94000,10
109,Paul Sinclair,885-551-4543,Data Engineer,New York,105000,3
110,Brenda Clifford,378-979-2739,Software Engineer,Hartford,129000,6
111,Rodney Glass,897-900-3104,Product Manager,Remote,74000,11
112,Raymond Dutton,168-769-5412,Product Manager,Hartford,147000,2
113,John Mack,534-161-2224,Product Manager,New York,62000,6
114,Abraham Bliss,672-139-3201,Software Engineer,St Paul,148000,8
115,Terrence Felix,831-599-7824,Product Manager,Remote,48000,7
116,Blanca Griffin,876-706-1536,Data Engineer,New York,36000,9
117,Charley Auzenne,723-262-7631,Scrum Master,Remote,144000,6
118,Breanna Burns,600-763-3014,Data Engineer,Hartford,40000,4
119,David Kopp,397-530-8900,Sales Associate,Remote,42000,9
120,Chloe Pate,694-983-5499,Software Engineer,Remote,121000,5
121,Leta Garcia,126-339-8822,Human Resources,Boston,131000,4
122,Wade Moore,261-438-6027,Data Scientist,Boston,78000,5
123,William Koch,691-871-2763,Finance Liason,Hartford,41000,10
124,Stephen Hu,867-210-6170,Data Engineer,Remote,46000,7
125,Flora Solis,874-478-9541,Software Engineer,St Paul,102000,4
126,Anita Campbell,968-463-5808,Scrum Master,Boston,129000,8
127,Kevin Wingard,179-972-2417,Human Resources,Boston,131000,11
128,Damien Mcintire,752-501-6133,Finance Liason,Hartford,112000,7
129,William Beasley,876-112-5865,Product Manager,Hartford,107000,9
130,Paul Bowie,284-970-1003,Software Engineer,St Paul,68000,7
131,Sarah Weaver,188-447-4362,Product Manager,St Paul,49000,9
132,Nancy Miles,861-333-8163,Scrum Master,Remote,138000,2
133,Charles Parker,205-592-9925,Finance Liason,Hartford,65000,3
134,Gary Humphreys,441-990-3230,Data Scientist,Hartford,138000,7
135,Donald Barker,857-299-6425,Scrum Master,St Paul,107000,9
136,Lester Mckinney,498-960-8676,Human Resources,Remote,117000,7
137,Frances Williams,857-669-1543,Data Engineer,Hartford,49000,8
138,Kenneth Karp,762-596-5809,Scrum Master,Boston,115000,10
139,Emily Dover,822-168-2777,Human Resources,Hartford,119000,10
140,Lise Davis,759-610-1523,Data Engineer,New York,139000,10
141,Bianca Romero,592-434-2946,Scrum Master,Boston,85000,5
142,Kelly Carls,121-175-7538,Human Resources,St Paul,60000,4
143,Helen Shepperd,178-428-5365,Scrum Master,Hartford,40000,9
144,Daniele Hernandez,729-839-1921,Software Engineer,Remote,91000,10
145,Maureen Borovec,915-652-9567,Data Scientist,St Paul,125000,2
146,Kam Snider,532-450-1478,Scrum Master,New York,133000,9
147,Jim Mccreary,232-827-6806,Data Scientist,Remote,106000,2
148,Logan Macon,930-201-6942,Scrum Master,New York,93000,6
149,Nancy Dickerson,165-647-7179,Human Resources,Boston,136000,5
150,Christa Beliles,384-139-2040,Sales Associate,St Paul,138000,2
151,Scottie Hurst,595-901-7208,Scrum Master,New York,65000,3
152,Yetta Love,226-160-9704,Software Engineer,Hartford,126000,8
153,Luis Knight,587-172-5337,Human Resources,Hartford,33000,4
154,Wayne Lindblad,291-635-5606,Data Scientist,Remote,137000,8
155,Francis Leon,661-953-7992,Data Engineer,Boston,99000,6
156,Amanda Carter,920-995-8892,Data Scientist,Remote,72000,9
157,Kevin Morse,302-213-4956,Software Engineer,Boston,107000,6
158,Drew Mccauley,500-679-3651,Software Engineer,Hartford,132000,7
159,James Shenk,538-309-8306,Finance Liason,Hartford,72000,10
160,John Shelton,238-436-2664,Sales Associate,Boston,119000,9
161,Arthur Martin,330-921-4021,Scrum Master,New York,49000,11
162,Judith Akin,339-600-8316,Human Resources,Hartford,50000,2
163,Gregory Delaughter,189-140-7182,Scrum Master,New York,99000,8
164,Jesse Weichbrodt,856-890-5233,Software Engineer,Hartford,81000,3
165,Rocio Irick,706-266-4423,Data Engineer,St Paul,43000,9
166,Maria Hoffman,847-103-6436,Human Resources,Remote,116000,11
167,Diane Bach,562-396-4248,Data Scientist,Remote,140000,11
168,Minnie Mosley,233-142-5370,Sales Associate,Hartford,69000,11
169,Ji Ramsay,705-278-5341,Product Manager,Boston,67000,3
170,Gloria Dodd,395-153-6879,Data Engineer,Remote,48000,6
171,Penny Blue,123-594-8112,Data Engineer,Boston,96000,6
172,Jeanette Harpole,864-292-6898,Data Engineer,Hartford,36000,2
173,Kathleen Brinkley,339-173-1390,Software Engineer,Hartford,43000,8
174,Erasmo Neal,653-621-4682,Software Engineer,Boston,136000,3
175,Justin Elliston,214-621-4171,Data Scientist,Remote,146000,5
176,Ernestine Gorrell,453-352-8088,Data Scientist,Hartford,119000,4
177,George Capone,531-589-5685,Sales Associate,Remote,138000,5
178,Aaron Bustos,485-244-3195,Scrum Master,Remote,100000,9
179,Quentin Eaton,870-522-5054,Data Scientist,St Paul,102000,2
180,Todd Logan,933-211-4966,Product Manager,New York,49000,4
181,Maria Jenkins,305-260-3719,Data Scientist,Hartford,51000,10
182,James Weiss,683-949-7941,Data Scientist,Remote,85000,11
183,Melvin Ramsey,849-487-7081,Software Engineer,St Paul,83000,8
184,Willie Johnson,696-445-9938,Scrum Master,Boston,141000,9
185,Richard Appel,544-826-9886,Finance Liason,New York,104000,9
186,April Pettrey,372-227-7449,Human Resources,Remote,140000,4
187,Paul Howell,769-908-6051,Sales Associate,Remote,102000,10
188,Linsey Moore,274-943-8764,Data Engineer,Hartford,145000,8
189,Marie Evans,114-161-6697,Software Engineer,New York,147000,7
190,Sybil Olson,274-527-4384,Scrum Master,Boston,98000,6
191,Daniel Henderson,128-871-3660,Sales Associate,Remote,70000,9
192,Mildred Fulton,116-695-6487,Finance Liason,Hartford,79000,6
193,Karyn Mcraney,815-946-4942,Product Manager,Hartford,32000,2
194,Eddie Rader,416-523-4801,Scrum Master,New York,133000,10
195,Eric Mccluskey,440-412-1633,Product Manager,Hartford,33000,9
196,Darius Greer,193-792-1980,Data Engineer,St Paul,117000,4
197,Kay Sutherland,598-990-5586,Human Resources,New York,95000,6
198,Martha Gutkowski,922-334-5092,Software Engineer,St Paul,147000,4
199,Sarah Bailey,107-796-3436,Data Scientist,St Paul,87000,10
200,Alexis Sharp,478-426-9596,Data Engineer,Hartford,126000,7
201,James Fuller,529-724-9854,Software Engineer,Hartford,71000,5
202,Richard Smith,144-351-7635,Scrum Master,St Paul,103000,2
203,Antonia Phan,105-431-2628,Software Engineer,New York,35000,5
204,Wayne Hamilton,201-821-3812,Software Engineer,Boston,45000,8
205,John Gonzalez,175-607-1089,Finance Liason,Boston,108000,5
206,Emma Mcclure,526-366-8428,Data Scientist,Hartford,38000,4
207,James Starnes,574-701-3778,Human Resources,Remote,90000,2
208,Alan Green,791-146-8025,Software Engineer,Hartford,31000,9
209,Fred Sabatelli,616-195-3396,Scrum Master,Boston,46000,3
210,Robert Rodriguez,485-182-6048,Software Engineer,New York,79000,6
211,Janice Bush,934-275-6493,Software Engineer,New York,86000,7
212,Sarah Gundlach,583-153-8475,Data Scientist,Boston,67000,4
213,Michael Sowder,219-636-6865,Software Engineer,Hartford,137000,5
214,Timothy Copeland,407-536-9843,Sales Associate,New York,123000,10
215,Mirella Fortier,423-742-1482,Data Engineer,Remote,65000,8
216,Richard Mahoney,641-887-7215,Sales Associate,St Paul,149000,2
217,Edward Mortensen,647-623-9798,Software Engineer,Remote,147000,5
218,Matthew Castellano,921-298-4125,Data Engineer,St Paul,72000,10
219,Donald Hood,661-818-2866,Finance Liason,Hartford,112000,10
220,Ruth Corrigan,836-366-4961,Product Manager,Boston,111000,2
221,Christine Bundick,870-230-9199,Software Engineer,New York,127000,2
222,Suzanne Rodrequez,747-939-3922,Product Manager,St Paul,144000,3
223,Romana Street,121-253-5657,Human Resources,St Paul,140000,2
224,Henry Maclennan,667-537-1992,Software Engineer,Remote,52000,5
225,Debra Anderson,243-117-6488,Product Manager,Boston,121000,5
226,Joseph Zahner,676-483-4059,Data Scientist,New York,94000,6
227,Leslie Sandford,764-380-8908,Scrum Master,New York,99000,3
228,Don Hall,540-581-3318,Scrum Master,Hartford,91000,9
229,Donnie Lenderman,131-145-5067,Software Engineer,Hartford,135000,6
230,Todd Wilson,661-830-4262,Finance Liason,New York,43000,7
231,Steve Cook,626-648-6665,Software Engineer,Hartford,92000,5
232,Roxana Kitchen,383-881-8707,Human Resources,Boston,92000,4
233,Mae Berndt,953-247-4323,Sales Associate,St Paul,44000,4
234,Dorothy Fink,127-352-4258,Scrum Master,Hartford,136000,4
235,Michael Dickinson,741-502-6576,Human Resources,Boston,140000,4
236,Katherine Prattis,594-703-7374,Software Engineer,Boston,104000,4
237,Todd Foster,942-649-5933,Software Engineer,St Paul,136000,10
238,Kelly Glover,651-485-6442,Sales Associate,St Paul,56000,10
239,Kirby Arciniega,116-480-3338,Software Engineer,Hartford,36000,11
240,Michael Mistretta,583-957-4534,Finance Liason,Hartford,93000,2
241,Christopher Lynch,414-921-5192,Data Engineer,Remote,142000,9
242,Eduardo Culver,283-636-2734,Software Engineer,New York,113000,6
243,Mary Hoffman,106-516-5455,Finance Liason,Hartford,41000,10
244,Joanna Pratt,523-945-5130,Product Manager,Boston,141000,10
245,Jennifer Farinas,297-921-7621,Scrum Master,St Paul,64000,5
246,Connie Turner,152-999-3789,Scrum Master,Boston,44000,7
247,Helen Reed,740-658-5565,Product Manager,Boston,104000,2
248,Joseph Chapman,418-775-2538,Scrum Master,Boston,127000,9
249,Michael Ratz,720-590-1423,Product Manager,New York,140000,8
250,Marie Peterson,205-808-9632,Sales Associate,St Paul,40000,5
251,Lee Page,716-980-4964,Software Engineer,St Paul,106000,3
252,Brandy Kearns,187-946-9656,Product Manager,Hartford,44000,3
253,Emilio Granger,856-720-7016,Data Scientist,Hartford,149000,3
254,Blake Pollock,578-559-7334,Scrum Master,New York,131000,9
255,Patricia Lee,926-351-3460,Scrum Master,Hartford,78000,3
256,Anne Pennington,390-995-3952,Data Scientist,St Paul,87000,6
257,Judy Mccoy,572-657-7074,Data Engineer,Hartford,45000,10
258,Linda Silkenson,142-292-1965,Data Engineer,St Paul,145000,10
259,Sharon Churchill,776-116-5882,Scrum Master,Hartford,125000,7
260,Frances Acosta,958-832-6626,Product Manager,Remote,44000,5
261,Christopher Lambert,336-998-1824,Software Engineer,Hartford,112000,3
262,Mary Dooley,924-345-7064,Product Manager,Hartford,148000,2
263,Edward Johnson,422-794-5752,Software Engineer,Hartford,133000,11
264,Dorothy Flores,226-689-6516,Scrum Master,Boston,77000,6
265,Lesa Olmstead,859-299-3159,Software Engineer,Remote,85000,7
266,Sadie Brown,444-207-7067,Data Scientist,New York,125000,9
267,Edwin Gett,321-195-2731,Finance Liason,Boston,81000,9
268,Janice Zelinsky,635-368-5386,Sales Associate,Hartford,101000,4
269,Aldo Wright,786-893-5046,Scrum Master,Hartford,104000,8
270,Raymond Valenzuela,948-952-6137,Finance Liason,Boston,40000,7
271,Catherine Marino,449-876-4163,Human Resources,Hartford,133000,10
272,Rebecca Sykes,960-382-9316,Human Resources,Hartford,44000,3
273,Janice Nang,983-548-6462,Finance Liason,Hartford,92000,2
274,Randi Shepherd,571-124-9651,Finance Liason,Boston,45000,7
275,Frances Lambert,297-585-9010,Data Scientist,New York,135000,5
276,Barbara Noto,276-272-4831,Data Scientist,Hartford,116000,7
277,Norman Dulaney,446-340-6269,Data Engineer,Remote,39000,10
278,Sheri Mayer,637-540-2373,Human Resources,Boston,124000,4
279,Richard Talley,278-796-4838,Product Manager,New York,115000,3
280,Herman Alvarez,793-673-9180,Sales Associate,Hartford,135000,3
281,Rose Chaney,132-904-9525,Software Engineer,Boston,117000,5
282,Maria Downing,500-369-7975,Human Resources,Remote,39000,9
283,Alma Morrow,632-812-6548,Data Engineer,St Paul,116000,4
284,Juanita Toti,142-728-2000,Data Engineer,Boston,31000,11
285,Bruce Nance,935-565-9037,Human Resources,Boston,117000,7
286,Paul Weishaupt,867-976-5311,Data Scientist,Remote,126000,5
287,Jeremy Leathers,235-861-5971,Sales Associate,Remote,90000,7
288,Nathan Griffin,651-546-3354,Human Resources,New York,52000,9
289,Ronnie Rake,243-115-1314,Human Resources,St Paul,64000,5
290,Phyllis Rine,201-849-5012,Data Scientist,St Paul,67000,4
291,Derek Brophy,595-168-3628,Data Scientist,St Paul,100000,3
292,Thomas Lipphardt,519-442-5934,Sales Associate,Remote,139000,5
293,Donna Larue,642-524-6218,Scrum Master,New York,149000,4
294,Dusty Alvey,706-929-8683,Data Engineer,St Paul,109000,3
295,Gloria Solomon,917-992-2146,Finance Liason,New York,148000,6
296,Angela Hubbell,740-524-1193,Data Scientist,New York,57000,6
297,Ralph Suggs,102-638-2665,Human Resources,New York,34000,2
298,Joaquin Galloway,684-620-4577,Scrum Master,Remote,110000,7
299,Clarence Banks,960-754-2409,Finance Liason,Boston,51000,6
300,Heather Carr,763-443-6140,Software Engineer,Boston,131000,7
301,Oscar Confer,512-704-3060,Finance Liason,Boston,31000,8
302,Wanda Ward,306-347-8581,Sales Associate,Remote,88000,6
303,Karen Ibarra,268-368-9575,Data Engineer,Remote,30000,4
304,George Latham,961-266-4710,Data Engineer,Remote,130000,2
305,Michael Humphrey,862-232-2296,Human Resources,New York,50000,5
306,Thomas Woods,188-275-9543,Product Manager,New York,87000,2
307,Keri Renfrow,405-630-8021,Product Manager,Boston,37000,6
308,Kristen Huber,173-453-8030,Data Engineer,Hartford,127000,7
309,Bridget Rasmussen,479-463-3713,Finance Liason,Remote,70000,10
310,Elizabeth Brehm,979-722-4611,Human Resources,Remote,118000,7
311,Anthony Marro,173-140-3587,Sales Associate,St Paul,127000,7
312,Brian Pitts,758-981-9038,Product Manager,Hartford,79000,5
313,Sandra Branch,172-988-9938,Product Manager,New York,46000,8
314,Fred Champagne,812-116-6673,Product Manager,Boston,32000,8
315,Elva Morgan,622-712-9713,Product Manager,Hartford,113000,10
316,Bradley Dixon,334-249-9743,Human Resources,Hartford,83000,9
317,Helen Medlar,374-504-5818,Software Engineer,St Paul,117000,11
318,Abbie Simpson,545-838-4566,Software Engineer,New York,107000,5
319,Earle Butler,983-577-4714,Finance Liason,St Paul,60000,2
320,Margaretta Zambrano,844-813-8429,Product Manager,Boston,49000,2
321,Susana Carino,894-848-1857,Data Scientist,St Paul,120000,4
322,Gloria Ward,304-543-5046,Finance Liason,St Paul,43000,8
323,Leonard Baskin,515-771-2418,Sales Associate,New York,90000,6
324,Lillie Thomas,764-472-7912,Sales Associate,New York,56000,6
325,Lee Pacheco,259-104-9179,Product Manager,St Paul,52000,5
326,Daniel Duquette,826-325-7824,Data Scientist,New York,74000,8
327,Diane Hiller,467-701-7571,Data Engineer,St Paul,128000,4
328,John Jasper,522-637-6670,Scrum Master,Boston,53000,8
329,Nathan Beecher,767-418-9916,Scrum Master,Hartford,128000,4
330,Cynthia Rodrigues,315-652-2896,Scrum Master,Hartford,77000,6
331,John Mcardle,860-279-6663,Data Engineer,New York,122000,5
332,Cornelia Hill,968-245-8656,Data Engineer,New York,141000,7
333,Rafael Perrucci,444-768-8066,Software Engineer,New York,86000,4
334,Sharon Moorhouse,510-981-8050,Sales Associate,Remote,90000,11
335,Rolando Nowden,365-498-5544,Finance Liason,Boston,63000,9
336,Christel Cole,665-602-9553,Software Engineer,St Paul,87000,11
337,Robert See,427-493-5237,Finance Liason,St Paul,35000,7
338,Juan Erickson,728-750-3287,Product Manager,Hartford,121000,5
339,Nancy Wieland,341-837-8558,Human Resources,New York,81000,11
340,David Smith,532-457-7801,Scrum Master,Remote,144000,2
341,Charles Burns,587-152-3756,Scrum Master,New York,59000,4
342,Franklin Hernandez,845-333-7003,Product Manager,New York,142000,11
343,Steven Hedges,515-783-5103,Finance Liason,Hartford,150000,9
344,Barbara Sudderth,397-524-9098,Product Manager,Boston,67000,6
345,Nancy Wilkinson,620-512-5621,Product Manager,New York,134000,6
346,Charles Hernandez,716-211-4069,Data Scientist,New York,130000,10
347,Donald Donner,860-436-9191,Human Resources,Hartford,118000,2
348,Edward Smith,951-515-7465,Sales Associate,Hartford,132000,5
349,Janice Ocasio,154-404-2423,Sales Associate,New York,88000,7
350,Wilma Landry,401-697-4569,Data Scientist,New York,87000,6
351,Ida Ellis,826-556-2401,Scrum Master,New York,128000,8
352,Donald Walker,925-456-4304,Data Scientist,New York,51000,7
353,Kathryn Laughter,468-879-4572,Human Resources,St Paul,102000,10
354,Ruth Edgar,740-865-2742,Sales Associate,New York,79000,9
355,Lona Todd,968-445-4098,Finance Liason,Remote,50000,4
356,Lawrence Fuller,217-823-1727,Software Engineer,Hartford,107000,6
357,Dolores Sundby,655-904-1283,Human Resources,Remote,38000,9
358,Rita Bryant,889-329-5295,Software Engineer,Boston,37000,2
359,Dolores Cooper,936-258-7747,Scrum Master,New York,134000,8
360,Gloria Glory,370-541-1567,Data Scientist,New York,142000,2
361,Joel Muraro,923-154-3290,Data Scientist,St Paul,39000,7
362,Lisa Davis,808-758-7449,Data Scientist,New York,102000,7
363,Julie Gutierrez,304-980-3462,Sales Associate,Boston,88000,11
364,Helen Turner,299-555-2988,Human Resources,Hartford,137000,2
365,Leon Kline,200-318-4421,Sales Associate,New York,55000,8
366,Nicholas Zigler,111-406-3455,Software Engineer,New York,56000,4
367,Richard Estrada,174-245-4312,Finance Liason,New York,137000,5
368,Alana Carrier,427-777-8022,Sales Associate,Hartford,35000,11
369,Nicholas Meyer,719-643-9187,Finance Liason,Boston,145000,3
370,Mable Southall,391-557-6594,Data Engineer,St Paul,76000,3
371,Fred Mack,655-572-7590,Software Engineer,Remote,98000,9
372,Crystal Stello,379-747-8744,Human Resources,Remote,43000,5
373,Robert Candelaria,677-948-3883,Sales Associate,Hartford,73000,2
374,Michael May,451-787-8305,Software Engineer,New York,114000,11
375,Gary Donovan,163-254-2449,Human Resources,Hartford,88000,5
376,Antonio Jackson,693-631-5124,Finance Liason,St Paul,65000,11
377,Maryann Sutherland,831-927-9360,Product Manager,Remote,93000,10
378,Mary Livingston,908-259-5337,Data Engineer,St Paul,147000,2
379,Eric Hickey,688-668-4616,Data Scientist,New York,93000,4
380,Eusebio Knapp,509-158-2552,Human Resources,New York,64000,4
381,Etta Sinkler,562-916-2500,Sales Associate,Boston,86000,8
382,Katherine Caron,554-156-4312,Data Engineer,New York,83000,4
383,Kevin Morris,443-310-5772,Scrum Master,New York,40000,10
384,Whitney Kirkwood,792-654-8949,Human Resources,Boston,71000,9
385,Rachel Scroggins,716-801-5734,Scrum Master,New York,136000,3
386,Mark Morgan,911-388-9496,Software Engineer,Hartford,130000,11
387,Randall Morrison,660-687-2307,Software Engineer,Hartford,42000,3
388,Carlos Zimmer,252-907-3207,Data Scientist,Boston,100000,6
389,Eula King,342-136-3833,Finance Liason,Remote,128000,10
390,Eugene Franch,154-967-4759,Product Manager,St Paul,115000,4
391,Larry Conner,520-416-2821,Software Engineer,St Paul,123000,3
392,Donna Anderson,583-533-2271,Scrum Master,Remote,106000,10
393,Diane Mueller,925-583-8753,Data Scientist,Hartford,111000,7
394,Roy Strunk,543-493-2641,Data Scientist,Hartford,103000,4
395,Brianna Tototzintle,445-113-8706,Scrum Master,St Paul,82000,11
396,Jennifer Kellison,309-363-5045,Human Resources,New York,134000,7
397,David Smyer,567-302-8721,Finance Liason,Hartford,63000,6
398,Sonya Rivera,535-887-8574,Data Engineer,Boston,61000,6
399,Dorothy Noe,153-759-3176,Data Engineer,Remote,49000,10
400,Lori Morgan,600-921-8987,Sales Associate,Hartford,49000,3
401,Elbert Deese,949-322-1142,Data Engineer,Remote,83000,4
402,Henry Crawford,548-307-1795,Software Engineer,Remote,85000,7
403,Charles Dudley,651-287-6066,Data Engineer,Boston,138000,4
404,Adam Davis,250-124-2764,Scrum Master,St Paul,134000,5
405,Cynthia Deford,128-745-3223,Data Scientist,Remote,125000,9
406,Andrew Benedict,346-635-8386,Human Resources,Remote,57000,8
407,William Matthias,909-209-1775,Sales Associate,St Paul,115000,8
408,Kevin Dunne,209-750-4625,Product Manager,Hartford,71000,10
409,Jack Drost,175-539-7494,Finance Liason,New York,74000,3
410,Christina Dalton,940-776-1336,Data Scientist,St Paul,62000,9
411,Barbara Poage,192-340-1378,Data Scientist,Boston,31000,2
412,Sandra Dowd,577-932-7068,Product Manager,Hartford,61000,5
413,Adrianne Gaines,367-964-5048,Sales Associate,Remote,59000,8
414,Jamie Verduzco,693-496-8764,Data Engineer,St Paul,63000,8
415,Kelly Mitchell,936-903-7345,Sales Associate,Boston,109000,9
416,Albert Evans,511-151-9542,Data Scientist,Remote,145000,4
417,Harold Landry,497-423-8934,Scrum Master,New York,133000,9
418,Gregory Lewis,598-532-4067,Data Engineer,Boston,62000,5
419,George Ortiz,549-391-3343,Scrum Master,Boston,122000,8
420,James Sharpe,873-281-6206,Scrum Master,Remote,43000,11
421,Hector Smith,663-517-1999,Human Resources,New York,55000,2
422,James Diefenderfer,517-207-6219,Scrum Master,Remote,50000,8
423,Dale Belgarde,874-633-3832,Sales Associate,St Paul,52000,4
424,Jean Wood,347-791-9268,Sales Associate,Hartford,132000,8
425,Linda Lige,428-999-6349,Human Resources,New York,103000,2
426,Linda Mccraken,761-392-2365,Data Engineer,Remote,52000,2
427,Ronnie Robert,283-940-5540,Product Manager,New York,109000,5
428,Charles Mcguiness,996-321-6469,Scrum Master,Hartford,72000,8
429,Juanita Nivens,138-754-2143,Product Manager,Hartford,33000,5
430,Gilda Brown,233-864-1818,Data Scientist,New York,57000,4
431,Mary Sorensen,640-347-1692,Data Engineer,St Paul,129000,5
432,Kelly Varella,274-301-8734,Data Engineer,St Paul,70000,4
433,Aaron Jenkins,197-511-4481,Data Scientist,Remote,37000,5
434,Stephanie Grayson,418-967-9074,Human Resources,Remote,103000,2
435,Trevor Seever,840-289-9951,Scrum Master,New York,119000,9
436,Roland Brim,211-663-2668,Product Manager,St Paul,147000,3
437,Maggie Denton,154-201-6608,Sales Associate,Boston,49000,5
438,Michael Fisher,293-320-3015,Sales Associate,Remote,61000,3
439,Alexander Nelson,736-912-8641,Data Scientist,St Paul,53000,10
440,Gary Trapp,111-514-9956,Product Manager,Hartford,121000,5
441,Spencer Hughes,787-249-9037,Data Scientist,New York,31000,5
442,Christine Cameron,923-658-6600,Sales Associate,Hartford,48000,9
443,Morgan Morgan,154-413-1678,Data Engineer,New York,140000,8
444,Gilbert Sauer,154-163-9071,Finance Liason,St Paul,52000,4
445,Patrick Dawkins,622-677-7508,Software Engineer,St Paul,119000,11
446,Joshua Elliott,710-644-5177,Human Resources,Remote,110000,9
447,Stanley Jones,893-848-3458,Finance Liason,Boston,59000,5
448,Rachel Hyatt,116-406-2292,Sales Associate,Hartford,120000,7
449,Orlando Huerta,990-482-7861,Sales Associate,St Paul,143000,11
450,Inga Crow,450-837-2130,Data Scientist,Remote,121000,6
451,Karen Boyd,125-295-3301,Data Scientist,Boston,139000,2
452,Mary Duffin,388-340-8099,Software Engineer,New York,149000,6
453,Jody Hoople,695-928-4922,Finance Liason,Boston,130000,5
454,Lorraine Mccoy,127-192-9100,Software Engineer,St Paul,140000,7
455,Mose Reynolds,985-654-4167,Sales Associate,New York,51000,11
456,Mary Mister,928-200-7148,Product Manager,St Paul,142000,8
457,Stephine Crosley,732-518-1547,Data Scientist,Boston,115000,3
458,Gordon Styons,372-642-9172,Finance Liason,St Paul,99000,8
459,Ian Hardy,221-672-3965,Software Engineer,Hartford,61000,9
460,Christina Gonzalez,826-207-3974,Data Engineer,Remote,101000,5
461,Rena Hight,319-665-7189,Software Engineer,St Paul,90000,7
462,Scott Keister,326-364-5521,Software Engineer,Remote,150000,4
463,Ruben Donaldson,972-986-9124,Software Engineer,New York,135000,10
464,Richard Pfeffer,654-541-1917,Software Engineer,Hartford,127000,8
465,Randy Sawyer,848-282-8776,Human Resources,St Paul,123000,10
466,Keith Mays,535-290-9909,Scrum Master,Hartford,113000,6
467,John Freeman,460-424-9867,Human Resources,St Paul,129000,9
468,Bill Osborne,633-251-2361,Scrum Master,St Paul,77000,2
469,Linda Akers,428-896-6727,Scrum Master,St Paul,77000,11
470,Henry Oscar,167-818-2119,Data Scientist,New York,96000,9
471,Betty Ayers,896-417-6047,Scrum Master,Remote,124000,7
472,Gary Leonard,418-706-2667,Data Engineer,Hartford,66000,6
473,Sharon Macko,733-296-9301,Product Manager,St Paul,123000,3
474,Christine Moody,901-345-6749,Scrum Master,Remote,75000,7
475,Barbara Driver,526-100-7780,Human Resources,Remote,101000,5
476,Mary Radin,478-387-1629,Data Engineer,Remote,57000,11
477,Kurt Connors,499-918-4528,Scrum Master,Hartford,36000,5
478,Hope Stewart,515-104-4540,Data Engineer,New York,88000,11
479,Elizabeth Faires,889-787-5220,Data Engineer,New York,48000,10
480,Walter Jimeson,548-171-3114,Data Scientist,Boston,75000,10
481,Sharon Berrios,476-211-5010,Scrum Master,New York,43000,3
482,Rodney Boscio,684-242-3659,Data Engineer,Hartford,107000,8
483,Kenneth Egan,803-256-4160,Product Manager,New York,66000,3
484,Russell Willis,117-497-8486,Product Manager,New York,45000,9
485,Leo Murray,778-444-1986,Human Resources,Remote,123000,7
486,Robert Craig,126-812-6259,Sales Associate,Hartford,50000,3
487,Carl Brown,227-564-7064,Scrum Master,New York,138000,11
488,Ralph Mcintosh,670-575-9293,Scrum Master,St Paul,98000,9
489,Adela Wagner,111-917-5532,Human Resources,New York,104000,6
490,Jasmine Wigley,614-304-2258,Finance Liason,Remote,59000,10
491,Paula Villa,147-787-3810,Software Engineer,St Paul,96000,7
492,Robert Washington,544-113-8938,Scrum Master,Remote,105000,2
493,Ronald Worthy,905-745-6149,Human Resources,Hartford,77000,5
494,Jeanette Twehous,281-496-4641,Software Engineer,Boston,89000,9
495,Linda Chisolm,222-486-7826,Finance Liason,Remote,40000,7
496,Opal Morrical,296-902-8826,Data Scientist,Hartford,133000,7
497,Harry Deberry,646-670-7799,Sales Associate,Boston,57000,5
498,Philip Rodriguez,754-445-6838,Scrum Master,St Paul,105000,7
499,Perry Anderson,264-654-6991,Product Manager,St Paul,146000,5
500,David Keys,960-470-5334,Human Resources,Boston,126000,3
501,Jeanette Hutchins,582-513-2861,Data Scientist,New York,67000,7
502,Rachel Rubinson,816-940-9351,Data Engineer,New York,61000,6
503,Patrick Dawson,112-588-9193,Scrum Master,Boston,102000,7
504,Paul Simmons,277-243-1789,Data Engineer,Hartford,59000,3
505,Shirley Higgins,885-281-9283,Product Manager,St Paul,86000,5
506,Jim Duran,542-174-9357,Data Scientist,Remote,135000,9
507,Shayna Naef,270-257-9468,Data Engineer,Hartford,36000,7
508,Clara Manz,217-609-5099,Software Engineer,Remote,76000,6
509,Jeffery Chaffin,808-586-1396,Scrum Master,Boston,148000,2
510,Donald Mcgwin,856-662-9658,Data Scientist,Remote,37000,8
511,Trevor Pontes,377-426-4477,Scrum Master,St Paul,99000,2
512,David Dixion,414-569-6399,Sales Associate,Hartford,48000,7
513,Sara Hutto,536-884-7769,Data Engineer,New York,131000,4
514,Mary Savic,613-501-5154,Product Manager,Boston,119000,6
515,Amy Terrell,955-862-6900,Scrum Master,St Paul,115000,2
516,Julie Walker,300-278-4173,Scrum Master,New York,102000,2
517,Kimberly Olsen,136-544-8726,Finance Liason,New York,119000,7
518,Cindy Oneal,164-375-2700,Scrum Master,Hartford,49000,9
519,Lakita Jenkins,639-788-9667,Data Engineer,St Paul,116000,10
520,Bonita Small,950-374-3052,Product Manager,St Paul,141000,4
521,Vicki Bull,464-404-3924,Data Scientist,Hartford,118000,4
522,Jessie Wietzel,493-378-7857,Data Scientist,Hartford,89000,2
523,Lynn Hahn,272-664-1422,Sales Associate,Remote,66000,4
524,Lonnie Dickerson,798-943-7409,Sales Associate,Boston,77000,3
525,Justin Stout,379-794-9851,Software Engineer,St Paul,107000,4
526,Brian Harrison,760-128-9079,Scrum Master,Boston,65000,3
527,Ariana Grove,649-436-9188,Data Scientist,Hartford,61000,10
528,Richard Pate,431-968-8729,Software Engineer,Boston,35000,10
529,Shanda Mackie,672-431-4174,Data Engineer,Hartford,89000,10
530,Aaron Hall,531-828-3453,Scrum Master,New York,99000,10
531,Shelley Havens,480-318-8847,Product Manager,New York,109000,11
532,Susan Skelton,937-495-9141,Data Engineer,St Paul,141000,2
533,William Vitale,905-416-6811,Product Manager,St Paul,134000,9
534,Edward Pumphrey,410-536-3632,Scrum Master,Hartford,133000,6
535,James Easter,597-168-6145,Sales Associate,Boston,100000,2
536,Stanley Ruiz,655-625-8704,Software Engineer,Boston,44000,11
537,Scott Pickens,366-864-4927,Software Engineer,New York,145000,3
538,Brandon Courtney,256-911-8653,Scrum Master,Boston,84000,10
539,Eleanora Pierce,777-958-9097,Sales Associate,Remote,142000,8
540,David Emery,345-780-2327,Product Manager,Hartford,88000,5
541,Samuel Haley,897-275-7037,Data Scientist,Boston,108000,3
542,Donald Sheck,698-400-2173,Data Engineer,Hartford,131000,2
543,Mark Chance,586-875-2169,Data Scientist,St Paul,80000,5
544,Deanna Denham,934-184-2865,Human Resources,Boston,110000,2
545,Mark Zellinger,222-920-4471,Scrum Master,Hartford,119000,5
546,Roger Nadeau,845-777-1686,Finance Liason,St Paul,118000,8
547,Virginia Gajewski,548-323-3229,Data Engineer,Boston,75000,9
548,Brenda Adams,366-494-8261,Data Scientist,New York,141000,4
549,Diane Mavai,241-801-1468,Scrum Master,St Paul,49000,11
550,Ann Smith,519-537-5472,Data Scientist,New York,31000,6
551,Charlotte Cook,610-237-2037,Product Manager,Remote,66000,3
552,Katy Preece,848-314-1727,Human Resources,St Paul,38000,11
553,Eugene Foster,341-516-4387,Scrum Master,Hartford,70000,10
554,Carla Haley,343-176-4528,Scrum Master,Hartford,109000,2
555,Concetta Castro,295-218-1199,Human Resources,Hartford,97000,9
556,Maryellen Derby,523-173-1299,Human Resources,Boston,33000,6
557,Ying Mcneely,591-906-5893,Product Manager,New York,58000,11
558,Ronnie Mcsorley,148-399-7273,Sales Associate,St Paul,111000,5
559,Norma Bost,328-102-2978,Data Scientist,Remote,132000,7
560,Joy Horton,729-277-2967,Finance Liason,Boston,98000,11
561,Dane Case,439-485-5959,Human Resources,St Paul,131000,6
562,Marlene Buck,274-239-1974,Finance Liason,New York,82000,11
563,Suzanne Quimby,435-412-9776,Data Engineer,Boston,144000,3
564,Darryl Miller,885-750-2722,Scrum Master,St Paul,132000,9
565,Georgina Healey,101-237-2097,Data Engineer,Hartford,104000,10
566,Justin Duncan,898-569-3822,Sales Associate,New York,124000,4
567,Lisa Devilbiss,319-208-4300,Product Manager,Remote,45000,5
568,Betty Smith,961-583-2768,Sales Associate,New York,135000,11
569,Dennis Walters,459-977-6998,Sales Associate,St Paul,54000,10
570,Margaret Thames,733-663-2110,Data Scientist,Hartford,138000,2
571,Robin Pack,843-485-5222,Data Engineer,Boston,65000,11
572,Victor Harding,921-126-3655,Data Engineer,New York,137000,11
573,Marilyn Saleha,973-522-3198,Data Scientist,St Paul,57000,4
574,George Goodrich,697-282-5242,Finance Liason,Boston,51000,4
575,Tomas Mance,568-105-4319,Finance Liason,Hartford,49000,3
576,Jacob Waters,767-693-4640,Sales Associate,St Paul,92000,11
577,Nancy Bowles,882-211-5034,Finance Liason,St Paul,81000,11
578,Kenneth Galvan,146-487-1856,Data Engineer,St Paul,142000,2
579,Therese Parsley,349-353-2138,Human Resources,New York,102000,4
580,Henry Rocker,628-178-9383,Finance Liason,Boston,82000,11
581,William Carrillo,465-632-6171,Scrum Master,Hartford,64000,5
582,Jerry Cuevas,663-962-4199,Product Manager,Boston,137000,8
583,Henry Rodgers,815-427-7215,Data Scientist,St Paul,41000,4
584,Chad Owens,792-736-8592,Scrum Master,Boston,66000,7
585,James Cohee,493-666-5275,Data Scientist,New York,88000,10
586,June Smith,827-530-9960,Product Manager,Hartford,84000,10
587,Jose Tullio,755-986-5327,Finance Liason,New York,115000,3
588,Ernest Rudd,983-327-8364,Data Engineer,Hartford,50000,11
589,Michele Aguilera,443-243-4157,Human Resources,St Paul,129000,3
590,Donna Brunell,225-447-7572,Scrum Master,New York,89000,9
591,George Lewis,510-606-2481,Scrum Master,Hartford,82000,9
592,Ann Klein,337-267-3859,Data Engineer,New York,145000,2
593,Theresa Fonder,844-461-6548,Sales Associate,Boston,31000,5
594,Kelly Ford,548-876-3977,Product Manager,New York,145000,2
595,Daniel Searcy,629-357-4560,Scrum Master,St Paul,50000,9
596,Carlton Cobar,541-506-4821,Data Engineer,Remote,32000,4
597,Carrie Hubbard,534-528-1022,Sales Associate,Hartford,46000,4
598,Ruth Watkins,843-515-1535,Data Engineer,St Paul,64000,4
599,Sylvia Hyatt,285-697-6682,Finance Liason,Hartford,137000,9
600,Clarence Moore,439-401-4522,Sales Associate,Remote,84000,10
601,Michael Castillo,936-873-4415,Data Engineer,Hartford,50000,11
602,Andres Brown,366-537-9023,Software Engineer,Boston,112000,2
603,Kenneth Hunter,544-143-9848,Data Scientist,Hartford,74000,3
604,Edwin Kirksey,239-995-4219,Sales Associate,New York,86000,10
605,Sonya Whyms,462-891-4091,Scrum Master,New York,108000,11
606,Linda Shearer,230-739-8011,Software Engineer,Remote,52000,11
607,Jaime Hardy,840-192-3376,Sales Associate,Boston,112000,4
608,Mario Fisher,309-549-2282,Data Engineer,Boston,130000,11
609,Terry Stevens,237-936-5161,Scrum Master,New York,133000,9
610,Ann Berri,482-516-6515,Sales Associate,Hartford,58000,10
611,Donald Crye,560-415-5715,Sales Associate,St Paul,140000,6
612,Jason Bowman,359-745-4172,Product Manager,Boston,72000,11
613,Antonia Paulk,275-204-6297,Scrum Master,Boston,136000,5
614,Susan Smith,774-445-5066,Finance Liason,Boston,87000,6
615,Edwin Cawley,573-930-8845,Human Resources,Boston,117000,3
616,Mary Fulkerson,170-459-3282,Finance Liason,St Paul,71000,5
617,Karen Runk,166-182-7353,Product Manager,Remote,90000,7
618,Mary Ruiz,150-219-1618,Data Scientist,St Paul,131000,5
619,Marquita English,908-299-5993,Human Resources,Remote,30000,10
620,Clifford Shilling,652-653-4336,Software Engineer,New York,43000,6
621,Joyce Norman,793-564-2111,Product Manager,Boston,54000,10
622,Toni Enz,653-868-8210,Finance Liason,New York,103000,3
623,Delana Wilgus,248-278-1661,Software Engineer,Boston,60000,7
624,Elizabeth Dickey,742-576-4147,Data Scientist,Boston,98000,3
625,Norman Harrington,455-240-2748,Product Manager,New York,86000,9
626,Temika Lawson,849-828-7914,Finance Liason,Hartford,76000,4
627,Gregory Broten,808-263-1263,Sales Associate,Remote,65000,2
628,Frederick Herring,942-271-1376,Scrum Master,St Paul,69000,9
629,Edward Bryan,686-364-2252,Product Manager,Remote,92000,2
630,Virgil Silva,383-680-4210,Human Resources,Remote,55000,11
631,Ruby Mendez,550-233-8350,Product Manager,Boston,100000,7
632,Mamie Pasche,544-554-2572,Human Resources,Boston,49000,11
633,Margaret Shoffner,685-464-7833,Product Manager,St Paul,77000,8
634,Matthew Ricardo,316-739-8971,Human Resources,Remote,83000,7
635,Evelyn Carradine,765-736-6385,Sales Associate,Remote,74000,5
636,Luke Ratcliff,165-499-5640,Scrum Master,St Paul,68000,11
637,Normand Waston,265-272-6172,Finance Liason,Hartford,92000,7
638,Eva Dailey,652-792-6252,Product Manager,New York,47000,4
639,Loretta Flowers,422-496-4770,Sales Associate,Hartford,127000,7
640,Orlando Graham,319-861-5155,Scrum Master,New York,147000,11
641,Helen Ertz,806-296-4857,Human Resources,Remote,148000,4
642,Rosie Storey,122-317-3653,Scrum Master,Remote,70000,11
643,Anna Dufresne,397-903-5412,Human Resources,Hartford,115000,10
644,Richard Adkins,962-192-6470,Product Manager,Hartford,101000,3
645,Amy Gross,246-765-5912,Software Engineer,Hartford,74000,6
646,Edwin Harrington,238-890-3900,Software Engineer,New York,61000,7
647,Mildred Bush,777-193-5244,Product Manager,St Paul,111000,4
648,Jason Givens,404-168-2743,Data Engineer,Hartford,145000,7
649,Maurice Lanham,363-566-6859,Data Engineer,Hartford,49000,7
650,Jacqueline Robinson,728-599-4227,Data Scientist,Boston,123000,11
651,Robbie Heckman,562-351-9763,Sales Associate,New York,64000,11
652,Mary Sorensen,189-523-1937,Data Scientist,St Paul,82000,7
653,Shelly Lewis,147-221-9524,Human Resources,Hartford,96000,2
654,Nikita Schell,276-920-5064,Finance Liason,St Paul,115000,6
655,Mary Miller,354-915-7745,Data Engineer,St Paul,121000,3
656,Leslie Poynter,291-322-1573,Finance Liason,Boston,58000,6
657,Max Beattie,101-443-4931,Product Manager,Remote,135000,5
658,Patricia Kowalsky,304-624-3917,Data Engineer,Hartford,100000,11
659,Sharon Oelke,777-280-7941,Human Resources,Boston,107000,8
660,Michael Parker,703-708-2105,Sales Associate,New York,52000,3
661,Eric Kerr,696-684-1389,Human Resources,Hartford,140000,6
662,Jerry Pritchett,635-139-7992,Software Engineer,New York,103000,8
663,Marcela Orndorff,293-242-7784,Software Engineer,Hartford,40000,10
664,Virginia Camacho,833-793-1774,Product Manager,Hartford,109000,8
665,Michael Caudill,418-419-7146,Product Manager,Hartford,126000,11
666,Carol Woodworth,762-362-5335,Data Scientist,Boston,148000,7
667,Tina Dawson,910-145-7429,Product Manager,New York,78000,3
668,Sonia Milton,149-577-3129,Product Manager,Boston,85000,2
669,Mark Harper,848-516-6564,Sales Associate,St Paul,71000,11
670,Margaret Volpe,259-473-9047,Software Engineer,Remote,144000,7
671,Elizabeth Israel,148-115-1879,Data Scientist,St Paul,68000,9
672,Dolly Rios,202-954-4411,Sales Associate,Boston,141000,8
673,Stephen Dragon,629-692-2892,Data Engineer,New York,146000,10
674,Robert Heideman,172-136-4161,Product Manager,Hartford,77000,10
675,Jeffrey Ditch,796-543-3463,Sales Associate,New York,145000,8
676,Michael Rogers,799-921-3943,Data Scientist,Hartford,114000,7
677,Andrew Miles,459-941-1594,Software Engineer,Boston,124000,6
678,Dwight Bass,359-325-9911,Data Engineer,Hartford,136000,5
679,Kim Smith,537-549-5810,Sales Associate,New York,67000,6
680,Brian Forte,850-864-2431,Human Resources,Hartford,96000,6
681,Elma Michel,877-656-7698,Scrum Master,Hartford,57000,9
682,Wallace Kelly,282-680-2385,Human Resources,Boston,97000,7
683,John Ford,938-597-1403,Sales Associate,St Paul,40000,9
684,Dale Duff,697-974-1286,Scrum Master,New York,35000,3
685,Tessa Stilwell,834-393-5172,Scrum Master,Remote,85000,5
686,Thomas Crossman,424-311-2513,Data Engineer,Hartford,49000,3
687,James Dicus,881-549-9096,Product Manager,Remote,64000,8
688,Michelle Ortiz,392-974-3898,Human Resources,Boston,104000,9
689,Kaila Rice,348-268-8093,Data Engineer,Remote,135000,8
690,Albert Maltba,227-248-3947,Finance Liason,Remote,74000,5
691,Christine Sias,749-402-2573,Product Manager,Boston,56000,4
692,Lillie Anderson,623-917-9170,Finance Liason,St Paul,32000,2
693,Chaya Calhoun,262-612-1499,Software Engineer,Hartford,115000,10
694,Henry Hardaway,221-186-6211,Sales Associate,Boston,54000,8
695,Rosa Angulo,739-895-5639,Scrum Master,New York,137000,9
696,Sharon Shockley,934-824-1064,Data Scientist,New York,117000,6
697,Timothy Mealy,217-889-8802,Data Scientist,Boston,150000,8
698,Janet Mason,393-204-6889,Product Manager,Hartford,130000,10
699,Delores Benitez,273-305-7191,Software Engineer,Hartford,31000,6
700,Harold Morrow,854-989-9993,Product Manager,Hartford,36000,3
701,Martha Golding,517-786-6078,Data Scientist,Boston,56000,4
702,Charles Kubin,851-582-2070,Sales Associate,Hartford,98000,9
703,Victoria Donovan,938-323-4586,Data Engineer,New York,31000,7
704,Warren Edwards,451-680-7638,Scrum Master,Remote,103000,8
705,Joan Cannon,242-638-1291,Human Resources,Remote,100000,7
706,Leo Hilburn,753-896-3717,Product Manager,New York,105000,9
707,Martha Collins,637-861-8528,Finance Liason,St Paul,88000,7
708,Margaret Sizemore,781-438-2548,Human Resources,New York,70000,5
709,Kathy Valdovinos,211-795-6919,Product Manager,Hartford,116000,3
710,Claire Gonsalves,144-839-6089,Finance Liason,Remote,146000,11
711,Jeremy Kimes,728-300-4401,Human Resources,New York,94000,8
712,Donna Menchaca,799-571-3930,Software Engineer,Boston,56000,11
713,Carol Curiel,683-233-3962,Human Resources,Boston,61000,6
714,Donald Carodine,285-958-5558,Scrum Master,Remote,49000,9
715,Brandon Kaczor,594-885-3181,Software Engineer,New York,47000,3
716,Clayton Grant,897-979-1082,Sales Associate,St Paul,111000,10
717,Cynthia Guererro,208-662-4788,Software Engineer,Remote,128000,11
718,Alice Deblauw,597-612-2012,Scrum Master,New York,138000,4
719,David Wheat,356-552-7965,Software Engineer,Hartford,40000,2
720,Beulah Jackson,690-266-1990,Scrum Master,Hartford,32000,3
721,Frances Carvalho,820-708-6910,Sales Associate,Remote,131000,9
722,Douglas Ott,268-208-4035,Data Scientist,Remote,104000,11
723,Sally Jones,274-647-6419,Data Engineer,Boston,43000,10
724,John Tucker,350-297-4457,Product Manager,St Paul,69000,8
725,Richard Lowe,885-550-6715,Product Manager,New York,83000,2
726,Rosemary Goff,943-250-8070,Sales Associate,Hartford,74000,3
727,Jose Rhodes,686-871-4846,Product Manager,Hartford,141000,9
728,Edward Lingerfelt,274-455-2911,Sales Associate,Boston,93000,2
729,Brian Butterfield,269-236-3583,Data Engineer,New York,38000,2
730,Margo Hinerman,902-259-1592,Software Engineer,Remote,112000,5
731,John Srinvasan,656-179-8267,Software Engineer,New York,50000,7
732,Theresa Powell,853-198-1895,Scrum Master,St Paul,70000,6
733,Sandra Dion,616-207-3961,Software Engineer,Remote,123000,7
734,Michael Price,952-346-5619,Data Scientist,Boston,84000,11
735,Richard Pelaez,979-761-9529,Human Resources,New York,51000,6
736,Phyllis Gray,571-129-3659,Software Engineer,St Paul,143000,5
737,Thomas Loza,734-533-4962,Sales Associate,Hartford,59000,7
738,Joey Keomuangtai,745-330-1480,Scrum Master,Boston,83000,3
739,Amy Smith,747-334-5593,Human Resources,Boston,42000,6
740,Joan Nance,289-328-6428,Data Scientist,Hartford,105000,4
741,Mae Fisher,875-529-1660,Finance Liason,New York,56000,9
742,Eliza Stroud,910-677-9499,Product Manager,St Paul,32000,8
743,Kathryn Wolfe,934-562-6593,Human Resources,St Paul,125000,2
744,Faye Ahmed,129-463-6081,Scrum Master,Boston,43000,3
745,Debbie Mccarthy,693-184-2406,Finance Liason,St Paul,122000,6
746,Rachel Eikleberry,872-758-2708,Data Engineer,Hartford,143000,7
747,Leslie Mitchell,181-957-1219,Software Engineer,Boston,119000,7
748,Daniel Suazo,441-546-9943,Data Engineer,Remote,42000,3
749,Lakeshia Bustamante,684-105-4216,Data Scientist,Remote,128000,8
750,Philip Barrett,454-484-9965,Product Manager,New York,33000,5
751,Scott Reece,768-694-9680,Data Engineer,Remote,144000,9
752,Carey Saur,949-349-7582,Finance Liason,Hartford,49000,10
753,Matthew Gonzalez,771-164-5507,Sales Associate,New York,146000,5
754,Robin Abernethy,144-707-3137,Product Manager,Hartford,61000,7
755,Kimberly Fleck,711-400-5792,Scrum Master,Boston,140000,6
756,Jean Romero,878-104-7200,Scrum Master,Boston,78000,3
757,Mark Erickson,106-113-8629,Data Engineer,Hartford,76000,11
758,Belinda Lester,815-246-8745,Data Engineer,Boston,116000,9
759,Viola Hatton,959-908-5630,Scrum Master,Boston,36000,5
760,Sherri Marugg,755-793-7938,Sales Associate,St Paul,86000,3
761,Stephen Summers,271-137-8358,Data Engineer,Hartford,122000,10
762,Frank Salter,508-192-3669,Software Engineer,Boston,39000,2
763,Kelly Estep,250-203-6119,Product Manager,Boston,117000,8
764,Robert Freeman,540-979-5788,Software Engineer,Boston,45000,8
765,Elaine Collier,748-184-4447,Data Scientist,New York,138000,5
766,Robert Reffett,410-646-9537,Product Manager,St Paul,33000,5
767,Anita Kelley,299-128-5295,Data Engineer,St Paul,81000,8
768,Thomas Bates,341-916-8229,Sales Associate,Boston,134000,10
769,Saul Rowan,951-737-8499,Scrum Master,Boston,113000,4
770,Vivian Brown,936-699-6063,Sales Associate,Boston,125000,3
771,Sallie Weber,304-314-4079,Finance Liason,Boston,100000,7
772,Adam Powell,416-559-9557,Data Engineer,St Paul,77000,2
773,Karen Craft,457-516-2073,Scrum Master,Remote,59000,4
774,Ila Toledo,303-953-8845,Product Manager,Remote,71000,2
775,Rene Rodriguez,817-509-7602,Human Resources,Remote,70000,11
776,Susan Erickson,145-119-2116,Finance Liason,St Paul,129000,9
777,Hugh Drown,400-569-1853,Sales Associate,New York,115000,8
778,Veronica Winstead,483-562-7953,Finance Liason,St Paul,77000,7
779,Christopher Freuden,267-783-6974,Sales Associate,Remote,93000,4
780,Rose Miller,218-806-7663,Human Resources,Remote,135000,5
781,Eddie Lowe,340-641-6791,Scrum Master,Hartford,38000,6
782,Jonathan Hutton,576-217-4178,Data Engineer,Remote,122000,9
783,Darryl Reeve,797-820-4906,Data Engineer,New York,106000,5
784,Mark Robertshaw,111-115-9622,Product Manager,New York,68000,9
785,Michael Phillips,199-570-8375,Data Engineer,Hartford,123000,6
786,Ronald Burger,276-877-7187,Data Scientist,Hartford,95000,8
787,George Richey,280-300-1189,Scrum Master,St Paul,95000,4
788,Jerry Wein,746-562-9146,Product Manager,St Paul,55000,2
789,Eddie Wilson,107-394-4462,Data Engineer,New York,118000,2
790,Lisa Feliciano,558-880-1632,Product Manager,New York,116000,8
791,Elena Demarco,387-905-9384,Data Engineer,Remote,30000,3
792,Marie Hines,230-458-9753,Human Resources,New York,123000,11
793,Betty Moore,855-717-5682,Software Engineer,Remote,122000,8
794,Wayne Oloughlin,127-549-3032,Human Resources,Remote,61000,4
795,Patricia Hufford,376-629-1758,Scrum Master,Hartford,131000,3
796,Darrin Flores,890-626-2481,Data Engineer,Boston,84000,2
797,Michelle Anderson,594-334-6656,Data Scientist,New York,108000,6
798,Ronald Holden,839-734-6657,Data Engineer,St Paul,133000,6
799,Laura Oconnor,640-762-3136,Sales Associate,New York,47000,9
800,Bobby Gregory,274-834-1514,Software Engineer,Remote,87000,9
801,John Neer,378-711-6744,Data Engineer,Remote,146000,11
802,Wilbur Snell,971-630-5422,Human Resources,Remote,78000,9
803,Perry Shaw,219-584-8690,Human Resources,Hartford,91000,5
804,Heather Johnson,491-352-6479,Finance Liason,New York,48000,9
805,Bobby Beckman,214-924-4692,Data Scientist,Hartford,117000,10
806,Terry Perez,657-389-4798,Data Engineer,Hartford,52000,11
807,Ethel Duffie,322-465-4842,Human Resources,New York,129000,9
808,James Bray,760-453-4112,Finance Liason,St Paul,95000,7
809,Albert Patridge,710-532-6346,Data Engineer,New York,137000,5
810,Ralph Roosevelt,163-705-8484,Human Resources,New York,37000,2
811,Franklin Hutton,175-903-3731,Finance Liason,Remote,107000,3
812,Michael Bruton,875-691-5705,Software Engineer,New York,71000,7
813,Deana Romero,151-664-8456,Finance Liason,New York,42000,8
814,Erin Mcbride,255-616-9724,Human Resources,St Paul,128000,7
815,Mary Allen,937-391-2621,Scrum Master,New York,98000,5
816,Lois Butler,744-303-5209,Finance Liason,Hartford,81000,5
817,Debra Molitor,703-689-1632,Human Resources,Remote,40000,7
818,Caitlin Leblanc,158-895-9941,Scrum Master,St Paul,130000,4
819,Camille Lewis,665-866-1398,Finance Liason,Remote,101000,5
820,Helen Dashiell,152-348-6549,Scrum Master,Hartford,141000,4
821,Joey Frase,761-814-2091,Scrum Master,Boston,61000,4
822,Mildred Boyd,520-150-1743,Scrum Master,Hartford,67000,10
823,Shirley Smith,592-739-4992,Data Engineer,Boston,109000,9
824,Efrain Perea,246-886-1563,Finance Liason,St Paul,134000,2
825,Jean Taylor,207-781-1166,Human Resources,Remote,104000,10
826,Mattie Michaud,219-120-1619,Finance Liason,St Paul,76000,8
827,John Depaul,659-598-7008,Finance Liason,New York,95000,10
828,Stephen Gray,734-175-9917,Finance Liason,St Paul,45000,11
829,Phillip Rivera,440-275-7565,Data Scientist,Boston,85000,4
830,Brant Stieger,588-134-2492,Scrum Master,New York,118000,5
831,Andrew Russell,470-117-7407,Scrum Master,St Paul,62000,6
832,Terri Rainey,621-771-7328,Product Manager,New York,144000,8
833,Charles Benton,246-821-3580,Sales Associate,Boston,127000,11
834,Stacy Sainz,216-882-5923,Product Manager,New York,61000,8
835,Zelma Mongelli,226-682-1399,Finance Liason,St Paul,49000,8
836,David Debar,464-430-5892,Human Resources,Remote,49000,4
837,Victor Harris,486-140-8299,Product Manager,New York,106000,5
838,Kimberly Mccaffrey,725-393-5134,Human Resources,Boston,62000,7
839,Kelvin Eikenberry,515-406-1916,Software Engineer,Remote,126000,6
840,Susan Howard,867-383-6856,Sales Associate,St Paul,115000,2
841,Kellie Allah,699-601-8020,Human Resources,Remote,100000,10
842,Louise Wilson,208-831-9908,Human Resources,Boston,89000,2
843,Patrick Smith,296-742-3042,Scrum Master,St Paul,46000,9
844,Camille Hayden,836-373-9924,Finance Liason,Hartford,119000,8
845,Irma Pritt,558-155-7470,Data Scientist,New York,143000,8
846,Lois Hunt,428-804-3727,Scrum Master,St Paul,73000,4
847,Robert Genet,514-604-1632,Human Resources,New York,68000,10
848,Richard Cavaretta,294-568-4949,Scrum Master,St Paul,45000,6
849,Anne Lewis,865-906-3934,Human Resources,Remote,135000,11
850,Natalie Lovato,390-404-4913,Product Manager,Hartford,55000,10
851,James Lowe,965-857-4606,Human Resources,Hartford,125000,10
852,Mark Rosenblum,906-544-3522,Software Engineer,Hartford,86000,2
853,Neil Ryder,182-143-8029,Data Engineer,St Paul,104000,8
854,Connie Thompson,687-629-6385,Data Engineer,Remote,42000,7
855,Armida Sclafani,586-360-9222,Finance Liason,St Paul,51000,10
856,Sharee Finley,769-109-8862,Software Engineer,Remote,64000,8
857,Sandra Howell,371-390-3703,Finance Liason,St Paul,64000,3
858,Rebecca Walkner,389-979-9185,Scrum Master,New York,123000,7
859,James Miller,339-468-3625,Product Manager,New York,92000,4
860,Robin Natale,801-373-9574,Product Manager,New York,66000,2
861,Johnny Lauritzen,884-142-8330,Product Manager,Remote,103000,7
862,Carolyn Green,805-795-3428,Human Resources,Boston,87000,6
863,Timothy Baker,924-648-7057,Software Engineer,Hartford,123000,4
864,Mary Patterson,206-308-4741,Software Engineer,New York,128000,5
865,Danny Costello,258-939-1069,Scrum Master,Boston,119000,4
866,Randy Lopez,987-331-4011,Scrum Master,Boston,140000,9
867,Frank Howell,638-805-4619,Human Resources,St Paul,121000,6
868,Jenell Plourde,519-936-6365,Finance Liason,St Paul,97000,2
869,Warren Whitmer,938-472-2122,Software Engineer,Hartford,50000,8
870,Barbara Francese,727-493-1932,Scrum Master,New York,87000,10
871,Jackie Edson,509-731-7735,Sales Associate,Remote,115000,9
872,Ronald Fletcher,493-799-4330,Human Resources,Boston,76000,2
873,Easter Moss,455-360-8240,Data Scientist,New York,123000,5
874,Robert Luce,403-131-1463,Human Resources,New York,111000,5
875,Danny Dahle,813-552-3672,Product Manager,Remote,82000,8
876,Grace Hernandez,887-259-8479,Product Manager,New York,100000,3
877,Matthew Martin,618-395-6574,Data Engineer,Boston,54000,6
878,Charles Gay,336-713-8782,Human Resources,Remote,32000,9
879,Michael Riedel,702-836-4660,Finance Liason,Remote,34000,7
880,Rene Newton,199-389-3992,Data Engineer,St Paul,98000,4
881,Mary Dyer,600-130-9452,Data Scientist,New York,143000,4
882,Jeffery Horn,602-103-1589,Finance Liason,Boston,101000,2
883,Judy Ivie,276-100-1069,Scrum Master,Boston,44000,4
884,Kathy Davis,271-328-7640,Data Engineer,St Paul,72000,6
885,Vicki Martin,750-825-8644,Product Manager,Hartford,114000,2
886,Genoveva Mccune,905-299-6152,Software Engineer,St Paul,86000,2
887,Jonathan Struthers,567-365-7752,Data Scientist,Hartford,88000,10
888,Andreas Wynn,228-518-7872,Data Scientist,Boston,82000,6
889,John Florio,225-344-3303,Data Scientist,Hartford,31000,6
890,Maggie Quero,557-882-1451,Data Engineer,St Paul,57000,10
891,William Kerr,975-989-1303,Human Resources,Hartford,110000,4
892,Harold Haley,850-621-5362,Scrum Master,Hartford,141000,10
893,Wanda Hamm,153-513-7685,Sales Associate,St Paul,141000,2
894,Ashley Smith,360-893-9475,Human Resources,Boston,70000,10
895,Donald Ritchie,416-337-8374,Data Scientist,New York,81000,7
896,Antwan Grove,462-574-1331,Finance Liason,Hartford,112000,8
897,Paul Toney,573-398-5656,Data Engineer,St Paul,148000,10
898,Barney Martin,272-536-3083,Data Scientist,New York,91000,4
899,Suzanne Tang,111-499-2040,Human Resources,Remote,103000,8
900,Willa Batten,736-630-9309,Data Scientist,New York,43000,10
901,Molly Lovejoy,475-367-5411,Sales Associate,Boston,39000,7
902,Agnes Fincher,573-202-6127,Data Scientist,Boston,111000,9
903,Christopher Adelman,478-384-1823,Data Engineer,St Paul,41000,2
904,Melanie Thomure,913-666-7055,Product Manager,Remote,58000,2
905,Danial Conyer,173-906-4988,Finance Liason,Remote,44000,4
906,Dolores Prescott,942-470-2686,Scrum Master,St Paul,139000,4
907,John Tamulis,440-666-1131,Data Scientist,Boston,32000,7
908,Barbara Shrum,503-200-2040,Sales Associate,Remote,130000,8
909,Erin Hughes,378-267-2196,Scrum Master,Hartford,133000,7
910,Candice Baugher,923-822-3946,Sales Associate,Boston,40000,3
911,Andrew Campbell,324-129-6313,Product Manager,St Paul,84000,8
912,Carlos Haith,563-179-8660,Data Engineer,Remote,109000,4
913,Michael Laughlin,286-940-3770,Scrum Master,New York,34000,10
914,Joseph Chappell,397-780-7558,Product Manager,St Paul,49000,5
915,Ernesto Gannon,267-638-2393,Finance Liason,Remote,56000,8
916,William Jansen,882-770-8222,Human Resources,Boston,135000,11
917,Tracy Rodrigues,152-104-9916,Finance Liason,New York,104000,5
918,Christina Manheim,150-744-3382,Human Resources,Hartford,38000,9
919,Edward Burleson,428-547-4829,Data Scientist,Boston,136000,2
920,Ryan Burch,702-103-1708,Data Engineer,Hartford,103000,7
921,Sandra Sousa,938-401-3502,Finance Liason,New York,130000,7
922,Mark Cruz,795-507-2788,Product Manager,St Paul,47000,5
923,Deborah Fabela,449-678-4492,Finance Liason,Remote,99000,7
924,Laura Johnson,107-167-3402,Data Scientist,Boston,58000,5
925,Timothy Benning,116-767-1578,Sales Associate,New York,34000,5
926,Olga Goodstein,372-805-3500,Product Manager,St Paul,51000,10
927,Mary Thaxton,384-901-3992,Human Resources,Boston,96000,4
928,Janice Nunn,564-499-6367,Sales Associate,Boston,62000,6
929,Judith Buco,614-111-7122,Data Scientist,St Paul,128000,11
930,Candice Pacheco,967-663-5539,Human Resources,Remote,112000,11
931,Sarah Kirby,559-955-3755,Scrum Master,Boston,54000,11
932,Joseph Lerman,706-637-5385,Data Engineer,Remote,93000,11
933,Cathleen Acevedo,925-428-2158,Software Engineer,Hartford,104000,10
934,Virginia Brooks,689-514-9391,Data Scientist,Hartford,117000,11
935,Alberta Stephany,660-302-9842,Data Scientist,St Paul,94000,8
936,Angie Duprey,159-871-4245,Product Manager,St Paul,81000,10
937,Ivory Witty,375-647-4811,Sales Associate,Hartford,114000,9
938,Patrick Roman,155-985-2706,Product Manager,Remote,86000,8
939,Jeannette Mccormack,118-625-7820,Software Engineer,Remote,109000,11
940,Joe Mcmanus,767-114-1518,Human Resources,Remote,118000,2
941,Camille Brummett,929-609-7787,Software Engineer,Hartford,135000,2
942,Jennifer Boyd,186-888-3866,Human Resources,Remote,81000,7
943,Roxanne Gonzalez,979-680-6111,Scrum Master,Remote,147000,2
944,Charles Miller,606-818-7958,Data Engineer,St Paul,118000,11
945,Colin Farris,974-508-7697,Scrum Master,Hartford,46000,5
946,Allison Wang,810-588-6958,Scrum Master,St Paul,104000,3
947,Heather Mcgowan,699-530-9452,Data Engineer,Remote,69000,8
948,Judy Howard,448-695-2561,Software Engineer,Boston,111000,7
949,Matthew Marshall,521-912-9869,Human Resources,Hartford,63000,11
950,Catherine Smith,378-970-9523,Software Engineer,Boston,123000,8
951,Rosa Peterman,262-743-4974,Scrum Master,New York,59000,10
952,Thomas Perl,466-781-7025,Sales Associate,Boston,35000,3
953,Kathy Carlisle,973-707-4947,Data Scientist,St Paul,126000,9
954,Ernest Werth,732-299-3727,Finance Liason,Hartford,147000,3
955,Vanessa Corrieri,752-261-3896,Product Manager,Boston,71000,2
956,George Richardson,551-506-8096,Scrum Master,New York,120000,11
957,Carol Lew,841-949-6435,Scrum Master,Boston,104000,3
958,Solange Williams,313-638-8746,Finance Liason,New York,140000,2
959,Denise Mack,185-318-8502,Software Engineer,St Paul,38000,10
960,Nicholas Preyer,756-383-6684,Human Resources,Hartford,89000,6
961,Dan Lynn,533-544-5021,Data Scientist,Remote,44000,10
962,Keith Mann,817-844-9677,Scrum Master,St Paul,122000,3
963,Jill Gow,488-947-6003,Scrum Master,Boston,127000,11
964,Patricia Lightfoot,605-723-4748,Finance Liason,Hartford,37000,8
965,Denise Mcpherson,529-400-1950,Finance Liason,New York,43000,9
966,Kurt Diaz,700-412-1913,Data Engineer,St Paul,87000,6
967,Kevin Athey,687-278-4139,Data Engineer,St Paul,79000,7
968,Tony Harned,398-489-5751,Human Resources,St Paul,124000,4
969,Timothy Blake,308-449-4809,Human Resources,St Paul,79000,8
970,Harvey Stanfill,774-656-2172,Product Manager,Remote,144000,6
971,Cynthia Hedges,198-591-5507,Data Scientist,Hartford,103000,3
972,Dorothy Bodner,895-196-8724,Software Engineer,Hartford,118000,4
973,Rose Bryce,538-757-2779,Scrum Master,New York,53000,11
974,Deborah Smith,473-461-6484,Sales Associate,New York,37000,8
975,Dennis Simar,770-256-9818,Product Manager,Boston,69000,11
976,Clark Hill,751-699-5762,Data Scientist,New York,100000,5
977,Sherry Mccann,319-438-9299,Data Engineer,Hartford,98000,11
978,Kyle Bess,630-497-2466,Software Engineer,St Paul,71000,2
979,Quentin Trexler,681-567-4505,Product Manager,New York,49000,3
980,Addie Esh,548-555-6438,Human Resources,St Paul,47000,7
981,Edith Lavole,279-733-4450,Product Manager,St Paul,133000,7
982,Sharron Easley,901-217-1793,Sales Associate,Remote,88000,9
983,Wesley Miller,134-601-7519,Data Scientist,New York,133000,10
984,Robert Ramos,173-384-3890,Data Engineer,New York,101000,4
985,Helen Durand,440-183-6218,Data Scientist,Remote,72000,10
986,Christopher Padilla,694-221-5952,Scrum Master,Hartford,113000,2
987,Allison Kelly,251-348-8031,Scrum Master,Boston,127000,6
988,Robert Drain,752-753-4452,Data Engineer,St Paul,97000,7
989,Robert Stiffler,956-261-1123,Product Manager,St Paul,50000,7
990,Dominique Ramon,481-416-1055,Data Engineer,Remote,95000,3
991,Jay Gilbar,125-167-7283,Scrum Master,Hartford,82000,2
992,Charles Vargas,595-541-6805,Finance Liason,Boston,85000,3
993,Melva Gilmore,476-269-7011,Human Resources,Boston,56000,9
994,Bernard Merritt,292-588-8902,Product Manager,Remote,62000,7
995,Darin Kempf,235-254-3676,Sales Associate,New York,107000,6
996,Adrian Carrara,913-651-5740,Software Engineer,Remote,131000,2
997,Rebecca Kenne,881-331-3086,Software Engineer,St Paul,124000,8
998,Edwin Zenger,453-557-1225,Scrum Master,Hartford,46000,6
999,Gail Ellis,121-908-8465,Finance Liason,New York,112000,3
1000,Ruben Martin,536-216-8651,Product Manager,Remote,66000,6
